estado	ruta original
no-existe	/Users/oskar/Developer/Learning/courses-ia-generated/zz-code/python-for-java-devs-20261005-f516/salidas/ar08/keyframe.py
no-existe	/Users/oskar/Developer/Learning/courses-ia-generated/zz-code/python-for-java-devs-20261005-f516/salidas/db11/correr.sh
no-existe	/Users/oskar/Developer/Learning/courses-ia-generated/zz-code/python-for-java-devs-20261005-f516/salidas/ff02/fma.py
no-existe	/Users/oskar/Developer/Learning/courses-ia-generated/zz-code/python-for-java-devs-20261005-f516/salidas/ff05/ema_nb/CMakeLists.txt
no-existe	/Users/oskar/Developer/Learning/courses-ia-generated/zz-code/python-for-java-devs-20261005-f516/salidas/ff05/ema_nb/ema_nb.cpp
no-existe	/Users/oskar/Developer/Learning/courses-ia-generated/zz-code/python-for-java-devs-20261005-f516/salidas/ff05/ema_pb/CMakeLists.txt
no-existe	/Users/oskar/Developer/Learning/courses-ia-generated/zz-code/python-for-java-devs-20261005-f516/salidas/ff05/ema_pb/ema_pb.cpp
no-existe	/Users/oskar/Developer/Learning/courses-ia-generated/zz-code/python-for-java-devs-20261005-f516/salidas/ff05/ema_pb/pyproject.toml
no-existe	/Users/oskar/Developer/Learning/courses-ia-generated/zz-code/python-for-java-devs-20261005-f516/salidas/ff05/ema_rs/Cargo.toml
no-existe	/Users/oskar/Developer/Learning/courses-ia-generated/zz-code/python-for-java-devs-20261005-f516/salidas/ff05/ema_rs/pyproject.toml
no-existe	/Users/oskar/Developer/Learning/courses-ia-generated/zz-code/python-for-java-devs-20261005-f516/salidas/ff05/ema_rs/src/lib.rs
no-existe	/Users/oskar/Developer/Learning/courses-ia-generated/zz-code/python-for-java-devs-20261005-f516/salidas/jv03/arranque.py
no-existe	/Users/oskar/Developer/Learning/courses-ia-generated/zz-code/python-for-java-devs-20261005-f516/salidas/or04/sonda.py
no-existe	/Users/oskar/Developer/Learning/courses-ia-generated/zz-code/python-for-java-devs-20261005-f516/salidas/so01/semillas.py
no-existe	/Users/oskar/Developer/Learning/courses-ia-generated/zz-code/python-for-java-devs-20261005-f516/salidas/so02/sonda.py
no-existe	/Users/oskar/Developer/Learning/courses-ia-generated/zz-code/python-for-java-devs-20261005-f516/salidas/sy07/sonda.py
